ym,newcomers,nrr,avg_responses,date
201801,5139,0.5689822922747644,1.6090679120451432,2018-01-01
201802,3659,0.5946980049193767,1.5504236130090185,2018-02-01
201803,3954,0.6084977238239776,1.6691957511380882,2018-03-01
201804,2845,0.5933216168717046,1.4333919156414783,2018-04-01
201805,3168,0.5694444444444436,1.4340277777777806,2018-05-01
201806,3208,0.5794887780548637,1.3344763092269327,2018-06-01
201807,3081,0.5994806880882833,1.4141512495942905,2018-07-01
201808,3080,0.5993506493506509,1.4922077922077936,2018-08-01
201809,2885,0.5708838821490451,1.3660311958405529,2018-09-01
201810,3742,0.5774986638161417,1.3316408337787327,2018-10-01
201811,2783,0.5853395616241477,1.5016169601149811,2018-11-01
201812,2408,0.5714285714285725,1.3073089700996656,2018-12-01
201901,2726,0.5608950843727079,1.3822450476889216,2019-01-01
201902,2902,0.6195727084769119,1.6168159889731246,2019-02-01
201903,3020,0.6076158940397345,1.5741721854304593,2019-03-01
201904,3089,0.5882162512139858,1.4901262544512797,2019-04-01
201905,3080,0.5951298701298691,1.4737012987013,2019-05-01
201906,3026,0.5806345009914082,1.4448116325181748,2019-06-01
201907,3233,0.6201670275286112,1.529229817506963,2019-07-01
201908,3091,0.5907473309608527,1.4655451310255596,2019-08-01
201909,2946,0.5868974881194841,1.487780040733196,2019-09-01
201910,3973,0.5187515731185497,1.2247671784545688,2019-10-01
201911,3235,0.6123647604327674,1.7214837712519313,2019-11-01
201912,3171,0.6329233680227074,1.7552822453484724,2019-12-01
202001,3137,0.5859101051960477,1.5973860376155549,2020-01-01
202002,3175,0.6122834645669295,1.4362204724409413,2020-02-01
202003,3706,0.6330275229357806,1.73826227738802,2020-03-01
202004,4089,0.6461237466373193,1.67106872095867,2020-04-01
202005,4175,0.6160479041916151,1.5635928143712552,2020-05-01
202006,3801,0.5890555117074463,1.4548802946593022,2020-06-01
202007,4028,0.6214001986097305,1.6489572989076478,2020-07-01
202008,3117,0.6320179659929428,1.642925890279113,2020-08-01
202009,3667,0.5966730297245703,1.6681210799018271,2020-09-01
202010,4262,0.5537306428906625,1.4760675739089648,2020-10-01
202011,3330,0.6414414414414431,1.6780780780780762,2020-11-01
202012,3407,0.6017023774581735,1.5708834751981213,2020-12-01
202101,3229,0.6147414060080534,1.6466398265716982,2021-01-01
202102,3411,0.6364702433304013,1.8062151861624205,2021-02-01
202103,3801,0.5445935280189422,1.3691133912128384,2021-03-01
202104,3294,0.5795385549483912,1.4143897996356987,2021-04-01
202105,2941,0.5773546412784762,1.4733083985039097,2021-05-01
202106,3370,0.5884272997032653,1.6038575667655746,2021-06-01
202107,3229,0.6057602973056674,1.695261690925983,2021-07-01
202108,2799,0.5941407645587705,1.595212575919971,2021-08-01
202109,3192,0.5830200501253139,1.3787593984962434,2021-09-01
202111,3451,0.5807012460156497,1.578962619530573,2021-11-01
202112,3189,0.6039510818438373,1.6183756663530908,2021-12-01
202201,3118,0.5792174470814617,1.504490057729314,2022-01-01
202202,2848,0.5740870786516862,1.5965589887640463,2022-02-01
202203,3519,0.549019607843137,1.4805342426825805,2022-03-01
202204,3223,0.6019236735960285,1.579273968352466,2022-04-01
202205,3081,0.5803310613437179,1.5374878286270695,2022-05-01
202206,2849,0.5900315900315903,1.4699894699894687,2022-06-01
202207,3144,0.6027353689567432,1.5238549618320603,2022-07-01
202208,3520,0.6156250000000009,1.7559659090909083,2022-08-01
202209,3426,0.588149445417397,1.574430823117334,2022-09-01
202210,3981,0.5468475257472987,1.5081637779452408,2022-10-01
202211,3329,0.5584259537398611,1.5364974466806862,2022-11-01
202212,2831,0.58636524196397,1.728717767573296,2022-12-01
202301,3372,0.5518979833926462,1.4795373665480416,2023-01-01
202302,3604,0.5893451720310757,1.5862930077691482,2023-02-01
202303,3914,0.5794583546244251,1.581502299437914,2023-03-01
202304,3560,0.545505617977528,1.443820224719101,2023-04-01
202305,3452,0.5501158748551566,1.3855735805330234,2023-05-01
202306,3374,0.5903971547125082,1.6072910491997596,2023-06-01
202307,3564,0.5864197530864212,1.567340067340068,2023-07-01
202308,7621,0.25587193281721576,0.6505707912347451,2023-08-01
202309,3356,0.5676400476758052,1.5765792610250267,2023-09-01
202310,3922,0.49974502804691506,1.2804691483936774,2023-10-01
202311,3389,0.5514901150781948,1.4378872823841848,2023-11-01
202312,2980,0.5677852348993292,1.4426174496644317,2023-12-01
202401,3575,0.5267132867132863,1.3504895104895114,2024-01-01
202402,3397,0.5263467765675606,1.4256697085663836,2024-02-01
202403,3482,0.5350373348650198,1.306720275703617,2024-03-01
202404,3477,0.5220017256255395,1.2476272648835194,2024-04-01
202405,3781,0.5302829939169525,1.3554615181169023,2024-05-01
202406,4145,0.4443908323281059,1.123522316043427,2024-06-01
202407,4044,0.46241345202769574,1.1387240356083106,2024-07-01
202408,3305,0.49984871406959164,1.3001512859304099,2024-08-01
202409,3118,0.5327132777421426,1.3707504810776148,2024-09-01
202410,4019,0.5222692211993016,1.3214730032346305,2024-10-01
202411,2904,0.49449035812672204,1.2486225895316816,2024-11-01
202412,2885,0.5133448873483533,1.219757365684576,2024-12-01
202501,3077,0.5089372765680851,1.2521936951576205,2025-01-01
202502,3134,0.4948947032546269,1.2042118698149333,2025-02-01
202503,3454,0.5037637521713946,1.247828604516504,2025-03-01
202504,2915,0.5132075471698124,1.243567753001713,2025-04-01
202505,2510,0.4537848605577688,0.9529880478087632,2025-05-01
202506,1985,0.36977329974811085,0.7390428211586908,2025-06-01
