ym,repo_months,cd_mean,swr_mean,recip_mean,hie_mean,date
201801,3636,1.0058473459026036,0.6908150373917861,0.05688501728582205,0.5420477046873339,2018-01-01
201802,3718,0.8722521038235401,0.692986983890491,0.053388853412923466,0.5250354418062706,2018-02-01
201803,4126,1.0876287195108216,0.6929343098374893,0.040172147596201364,0.522979176265804,2018-03-01
201804,3957,0.8487433651264497,0.7205449951148533,0.05250113794924091,0.5021085959575635,2018-04-01
201805,4134,0.8482091180054933,0.7024696508969955,0.04501717940368134,0.5111626545862744,2018-05-01
201806,4185,0.8507740924589958,0.7068439677631108,0.05213928842937181,0.5295696476627286,2018-06-01
201807,4210,0.8331772221314173,0.6869520396628224,0.038623987734245115,0.5286346944308274,2018-07-01
201808,4333,0.7797096716294081,0.7055278513417776,0.03906125102188617,0.5386797946198888,2018-08-01
201809,4426,0.768244074207413,0.7148718145446887,0.0342644170780776,0.5056692050300522,2018-09-01
201810,4652,0.7727471104245619,0.7126563116392579,0.05058794632287828,0.5326955009576251,2018-10-01
201811,4683,0.8521287239855638,0.7271844827920507,0.04780151701654723,0.5126291902810369,2018-11-01
201812,4490,0.6645340976951182,0.7263564963230569,0.03524205364896266,0.49961801224733293,2018-12-01
201901,4888,0.7815974189988246,0.7315505927227038,0.03618671966397576,0.5186861511774019,2019-01-01
201902,4881,0.7362409543819571,0.7100798751251792,0.04163227822664833,0.5255604048874826,2019-02-01
201903,5338,0.7260886360384414,0.6974265542228291,0.042399625782021395,0.5338126723322498,2019-03-01
201904,5456,0.8157372691968782,0.7219575327514833,0.05160042371678415,0.5166620034545899,2019-04-01
201905,5737,0.7078582681281526,0.7288408443827802,0.04123385881392167,0.5099118038970127,2019-05-01
201906,6001,0.656387612179812,0.742407720915964,0.03538126786253556,0.4967916296188212,2019-06-01
201907,6367,0.7050232745119397,0.7082230249742626,0.03964483576771757,0.5051969644209952,2019-07-01
201908,6323,0.5897034423666869,0.7316611312417599,0.04166039270209293,0.4995046236600305,2019-08-01
201909,6301,0.6500772941034226,0.7402577201374126,0.04395093055261971,0.49818584587752235,2019-09-01
201910,7708,0.4783258229697157,0.7396157073421424,0.04840731683795414,0.4760566087639396,2019-10-01
201911,7797,0.44169760034261046,0.7583497767395643,0.053043454712827946,0.49639484862228184,2019-11-01
201912,8847,0.41484274142253963,0.7336591507905725,0.042032585819106794,0.49739757947609853,2019-12-01
202001,6758,0.6190263525716638,0.7366391682730499,0.04094582629611105,0.5064822373177746,2020-01-01
202002,7784,0.5206639370361638,0.7482643568221056,0.03987393636207198,0.4988425799778874,2020-02-01
202003,10172,0.4051774585831821,0.7653701071480268,0.043882516050918405,0.5005274862138971,2020-03-01
202004,10749,0.4470222959953403,0.757790234379577,0.043494784270132536,0.5109325528949646,2020-04-01
202005,8296,0.5868462300132365,0.758224742032557,0.04015565669740389,0.5070122477611628,2020-05-01
202006,13553,0.3049865244890153,0.7617055759105041,0.046203509358207724,0.5087018567789845,2020-06-01
202007,14518,0.26925703985229504,0.7420678092031727,0.04013860349527553,0.4867680537027139,2020-07-01
202008,10721,0.38542746035354164,0.7512417710742315,0.04920714274600455,0.5092651229655214,2020-08-01
202009,13832,0.27233218504747086,0.7484403266973623,0.050044685981905666,0.5178066176318916,2020-09-01
202010,8016,0.5141026695887543,0.7585795509422012,0.04940948772351342,0.5085984685836353,2020-10-01
202011,7941,0.5359099433586271,0.7635187288141833,0.04504040956462087,0.5055680826233383,2020-11-01
202012,11656,0.33086283706210207,0.7727435664220178,0.03317291242898639,0.4968644013136713,2020-12-01
202101,10162,0.4924544191861053,0.7670520987321943,0.04717645011219333,0.5108242638128877,2021-01-01
202102,7635,0.5754732856137995,0.7718383212594514,0.04659428461974162,0.5143491097306088,2021-02-01
202103,13078,0.3183391178785257,0.775545637122646,0.04509300176211476,0.5087065607940209,2021-03-01
202104,11726,0.3669901782935297,0.7795221312923108,0.04145027723952019,0.504756314629939,2021-04-01
202105,15093,0.22898372230624728,0.7622048300633887,0.037391064963314666,0.5039076403515211,2021-05-01
202106,12892,0.2955869009596785,0.7669818486938523,0.039870178644558045,0.49793792126234915,2021-06-01
202107,8481,0.5596524658224534,0.7776440187151766,0.04948003556537181,0.5114299177038891,2021-07-01
202108,14670,0.2507351236721035,0.7718701922473383,0.035533251269712234,0.46748413609541983,2021-08-01
202109,11341,0.33899791070961055,0.7835291743808498,0.04419555524651971,0.4814001391801552,2021-09-01
202111,7937,0.6123347819584358,0.7661934133204626,0.04969019562987024,0.4990672866051106,2021-11-01
202112,7931,0.9642352686471402,0.781295586978017,0.04339533094433075,0.47392584270406896,2021-12-01
202201,13489,0.28601621935869004,0.7787372873792061,0.05011413142968727,0.4754947947197134,2022-01-01
202202,16851,0.25521667435070494,0.7740581335781308,0.05105148997854142,0.49992162105755283,2022-02-01
202203,13000,0.40644519487595754,0.7791720136860731,0.05305049196541884,0.4711248688494744,2022-03-01
202204,13319,0.41776470384261466,0.7895641366611543,0.04415662376611525,0.47380310266523484,2022-04-01
202205,9387,0.6120437128733781,0.796598104314337,0.044103591017338344,0.4651709128571874,2022-05-01
202206,14434,0.37576775236412296,0.7773114589436615,0.04385660050461738,0.47323584746458486,2022-06-01
202207,12900,0.412883980712816,0.7917477364295429,0.045566779924444356,0.46702991229579716,2022-07-01
202208,8444,0.8747398000785962,0.8041316321949328,0.038499728762913674,0.5118442274221208,2022-08-01
202209,10470,0.6979518281776077,0.792419136575581,0.04180410171471502,0.48309999901648715,2022-09-01
202210,11923,0.6300742457677311,0.8043476808382962,0.042461534932009035,0.47192610812607305,2022-10-01
202211,14195,0.4277694571528882,0.8115824506192851,0.03828951413721963,0.4753882728050709,2022-11-01
202212,17787,0.36630681189953757,0.8053068604006088,0.03771208527186996,0.45927382055723537,2022-12-01
202301,15576,0.45696207623072216,0.8190977068514704,0.03714077947096271,0.47326921343629297,2023-01-01
202302,8969,0.9145758818437424,0.8132169518992343,0.04513784971018078,0.4873630367784561,2023-02-01
202303,10062,1.0164164527108122,0.8264390951245774,0.04441460576266684,0.4744194449403521,2023-03-01
202304,8455,0.921486004454411,0.8237544620735093,0.043363335512200826,0.4642242176035794,2023-04-01
202305,8508,0.9646090954909632,0.8274348819081634,0.03984296791399383,0.4631007156489094,2023-05-01
202306,8152,0.9597553664716654,0.8327333204687957,0.03616659752330343,0.47335473650979426,2023-06-01
202307,8336,1.0179905930773758,0.8301129111435662,0.05116328508894848,0.4941260758736259,2023-07-01
202308,8148,1.2510511001402118,0.8280838568105295,0.044444367297851055,0.4824660000076684,2023-08-01
202309,8155,0.9952529441388084,0.8231616156681997,0.04381354844264769,0.4745011708972019,2023-09-01
202310,8866,0.8875627339165313,0.834924941223265,0.039546486325155505,0.46880715074404444,2023-10-01
202311,8509,1.1093108545168642,0.8395200243039237,0.036788212783103846,0.476627454189795,2023-11-01
202312,8318,1.0475639146355347,0.8374385297607767,0.032516505901161834,0.46301490000526696,2023-12-01
202401,8814,0.8077792376164595,0.8336489624184659,0.03774415952631342,0.46105015445816044,2024-01-01
202402,8506,0.7224979500245582,0.8286409212365771,0.04076620954926147,0.48470861811337934,2024-02-01
202403,8981,0.9010231496284182,0.8362930654090981,0.0487890315186756,0.4787202467952862,2024-03-01
202404,8885,0.735641420941231,0.8417408382510558,0.04354169307611767,0.4756576163886479,2024-04-01
202405,8898,0.5626716812898492,0.8444556974526034,0.045782834549341074,0.4775654655101793,2024-05-01
202406,8495,0.6288522097120961,0.8366478460372487,0.04615736126190831,0.47988230595842524,2024-06-01
202407,8649,0.5881449234968563,0.8415644410322296,0.043066526207581474,0.46591429294821235,2024-07-01
202408,8377,0.6690354352442547,0.8473414993606935,0.0419373463395839,0.4874224592738815,2024-08-01
202409,8702,0.7048679048251693,0.8426195204197199,0.03938471323483593,0.46422661960297884,2024-09-01
202410,8833,0.7499585968433262,0.8358549444868864,0.04251921979032956,0.4732308064504353,2024-10-01
202411,8593,0.7266879279333244,0.8444835898923383,0.04273991616060849,0.4739547853039425,2024-11-01
202412,8566,0.6324992235588808,0.8239793930762467,0.03711614549716282,0.4490350716446665,2024-12-01
202501,8551,0.6586919636868864,0.8230405400593294,0.038495735147199214,0.48118065833966994,2025-01-01
202502,8407,0.6016445831821843,0.8402209574744648,0.03865132767457942,0.47181811426539383,2025-02-01
202503,8886,0.5700212620817302,0.8583892269088732,0.03691557661513994,0.482245860620222,2025-03-01
202504,8416,0.510151688094956,0.8439279328064022,0.04180041431240549,0.4576301670989072,2025-04-01
202505,8226,0.5085850278553108,0.8472674800861434,0.04657330465206051,0.45508554271360535,2025-05-01
202506,7550,0.37450119304954554,0.8815044740756325,0.0435427735429685,0.4311610647623671,2025-06-01
